,design,n,mpnn,plddt,ptm,pae,rmsd,seq
0,0,0,1.0817998763403596,0.7999942600727081,0.43487387895584106,7.582041919231415,0.9450170993804932,AALAALLAAAAAAAAAFEAAVAAATPEAAAAALALRAALAALAAALAA
1,0,1,0.8124939187599794,0.9427061453461647,0.5866156220436096,3.928974911570549,17.499589920043945,AAAAAAAAAAAAAAAALAAAIAAATAAEAAALRAAAAAAAAAAAAAAA
2,0,2,0.9767550526014562,0.9030561521649361,0.572932779788971,3.8797565549612045,1.1352380514144897,AAAAALAAAAAALAAAFEAELAAATPAEAAALRAARAAALAALAALLA
3,0,3,0.9282920650445651,0.8004860579967499,0.45411327481269836,6.2454125583171844,1.5836727619171143,AALAAAAAAAAAALAAAAAAVAAASPAAAAALLAALAAALAALAAALA
4,1,0,0.8867423569798834,0.8167136013507843,0.4982948899269104,8.398298531770706,3.05242657661438,PDAALAAAVLAAELAGVRTAAEAAAALARAAARLAALAAAAAAAAAAA
5,1,1,1.1101991444996737,0.958697959780693,0.5983669757843018,3.736215256154537,16.22701644897461,PPPELREAIRAEELRGVRTAAEREAAAARAEERLARLAEEAAAAARAA
6,1,2,1.0526780216934655,0.9192511588335037,0.716581404209137,2.8183193281292915,1.6671799421310425,MPKELKEKIKKEKFKGVKTKEEKEKAKKKAEEELKKIKKKEEEKKKLE
7,1,3,0.994095187271906,0.95101073756814,0.6057365536689758,4.061609670519829,16.3825626373291,ADAAVAAAVRARHTAGAATAAELEAAAAAAAAELAALAAAAAAAAAAA
8,2,0,1.1632073059738255,0.9110888615250587,0.5427212715148926,4.990171238780022,1.3627010583877563,GAEEKKKKEEEEKKKKKEEEEKKKEEEKKKEEEKKEEEKKKEEKKKKE
9,2,1,0.7860137772040178,0.9509246274828911,0.6053367257118225,3.622484765946865,1.5875401496887207,GAAAAAAAAAAAAAAAAAAAAAAAAAAAAAEAAAAAAAAAAAAAEAAA
10,2,2,1.0658896662557789,0.9272742494940758,0.5459138751029968,4.587016135454178,1.627121090888977,SEEEKKKKEEEKKKEEEKKKEEEKKKEEKKKEEEEKKKEEEKKKKELE
11,2,3,0.7880910018679751,0.9597187601029873,0.6364503502845764,3.239831767976284,1.4285908937454224,GAAAAAAAAAAAAAAAAAAAAAEAAAAAAAAAAAAAAEAAAAAAAAAA
12,3,0,0.8820081723879074,0.9465616643428802,0.5836962461471558,3.843309573829174,0.6266583800315857,AAAAARAAAAAAAAAAAAAAAAAAAAAAAAAAAAAAAAAAAAALAAAA
13,3,1,0.7289777536289118,0.9351412951946259,0.5729385614395142,3.882310137152672,0.5921205878257751,AAAAAAAAAAAAAAAAAAAAAAAAAAAAAAAAAAAAAAAAAAAAAAAA
14,3,2,0.7538241518953558,0.9420678690075874,0.6069393157958984,3.7545155435800552,0.5966781973838806,AAAAAAAAAAAAAAAAAAAAAEAAAAAAAAAAAAAAAAAAAAAAAAAA
15,3,3,0.7972824326607563,0.9495335407555103,0.6192190051078796,3.590859703719616,0.5496562123298645,AAAAAAAAAAAAAAAAAAEAAAAAAAAAAAAAAAAAAAAAAEAAAAAA
