,design,n,mpnn,plddt,ptm,pae,rmsd,seq
0,0,0,0.923285054471466,0.7836191356182098,0.4997730851173401,6.268932491540909,2.718738079071045,AAAVAAAIEAATAELAKRPGADAAAARAALLAAAAAAAAAAAAAAALA
1,0,1,0.9532721652215563,0.8594872951507568,0.4742436110973358,9.37637409567833,4.203728199005127,DAARAAAIEAAAAAVAALPGADAEAHRAELLAAAEAERAAAAAAALAA
2,0,2,0.9879055856221132,0.7650150805711746,0.477975070476532,7.494821012020111,4.2750959396362305,DEAAAAAIEAAAAAVAKRPGADAAAFRAALLAAAAAARAAAALAALLA
3,0,3,0.9912860094987971,0.8236558437347412,0.5513321757316589,4.771993324160576,3.2052161693573,LAAALEAIAAATAEVAKLPGADAAAHRAALEAALAAALAAAAAAAAAA
4,1,0,1.2012396644781846,0.9186903908848763,0.6651849150657654,3.258809022605419,1.9874484539031982,GKKEEEKKKKEEEKEKKLEKELEKIEELSEEEKKKLKKEVEELKKKKK
5,1,1,0.9904854096892278,0.7993254065513611,0.4610598087310791,8.095508724451065,5.164369583129883,GAAAAAAAAAAAAAAAALRAALERAEALGPEEAAALRAAVAALEAAAA
6,1,2,1.0423060491993155,0.9666374363005161,0.6263425946235657,3.407634638249874,16.181978225708008,GAAALAAAAAAAAARAALRAELARIAALSAAAAAALAAAVAAAEAAAA
7,1,3,1.4026080335983155,0.8101465255022049,0.575951874256134,4.813659027218819,2.9559969902038574,GPAELEELAKKLAEILELLKKLEEIESLSEEEAKKLKEKVEKVLKELA
8,2,0,1.0993539035203048,0.7265816628932953,0.45597603917121887,6.393857076764107,2.454294204711914,MKELEEKKEEIKEEEEEKIEELGEEKTEEVKEEAEERAEEKIEELLEE
9,2,1,0.9865948715675334,0.9155100733041763,0.4858667850494385,6.021358817815781,18.79071617126465,AAALAAARAAIRAEAQAAIDALGPAKGAAVAAAAAAAAAARAAALRAA
10,2,2,0.9413434555345137,0.8735859990119934,0.44518914818763733,7.761795073747635,18.290700912475586,DAALAAARAAIRAAQDAKIAALGPARGAAVRAAAEAAAAAEVAALEAA
11,2,3,1.1236248010912129,0.8849485069513321,0.4578043818473816,7.062223955988884,18.378585815429688,DAALAARRRAVRAAAEAEIAALGPARSAAARAAAAARAAAAVAALRAS
12,3,0,1.0225809596211206,0.9756043050438166,0.6614365577697754,3.1369438394904137,19.658727645874023,AAEIAALRAAIAALAAEAAATAAVDAARQAALLAERDAAEARLAALLA
13,3,1,1.0404240530300213,0.9672003760933876,0.7802111506462097,1.9097518511116505,0.5975713133811951,MEEIEKLKKEIEKLEKEYEKTKEIDKEKAEKLKKKKEELEKKLKELLE
14,3,2,1.0522963740843707,0.9548678994178772,0.7666364312171936,2.2686512917280197,0.44955477118492126,AARLAALEAEIARLAAEEARLAAEDAEAAAAVAARRAELEAELAALRA
15,3,3,1.112282258537151,0.9753525946289301,0.6564220190048218,2.949499912559986,19.742338180541992,AAELAALQARIAELEAQAAATAAADAARTAALRAERDALKAELAALLA
