{
  "plddt_binder": 63.69416666666666,
  "plddt_target": 86.06863914373089,
  "pae_binder": 3.874652777777778,
  "pae_target": 13.461078005031377,
  "ipae": 20.506037631668367
}